City_ID,City,Country,Lat,Lng,Max Temp,Humidity,Cloudiness,Wind Speed,Weather Description
0,Clyde River,CA,70.4692,-68.5914,10.49,89,89,1.1,overcast clouds
1,Milkovo,RU,54.7167,158.6167,11.88,86,8,4.85,clear sky
2,Burnie,AU,-41.0667,145.9167,55.81,74,80,4.79,broken clouds
3,Ushuaia,AR,-54.8,-68.3,44.22,81,40,5.75,scattered clouds
4,Hartford,US,41.7668,-72.7662,48.25,67,0,3.0,clear sky
5,Carnarvon,AU,-24.8667,113.6333,78.87,83,75,12.66,broken clouds
6,Kahului,US,20.8947,-156.47,73.85,71,0,19.57,clear sky
7,Busselton,AU,-33.65,115.3333,63.95,81,90,16.04,overcast clouds
8,Chateaubelair,VC,13.2833,-61.25,82.92,61,20,13.8,few clouds
9,Hithadhoo,MV,-0.6,73.0833,83.84,69,23,6.55,few clouds
10,Manoharpur,IN,27.3,75.95,85.26,5,1,6.33,clear sky
11,Simao,CN,22.7886,100.9748,56.8,76,21,3.33,few clouds
12,Hobart,AU,-42.8794,147.3294,57.06,92,100,8.05,overcast clouds
13,Puerto Ayora,EC,-0.7393,-90.3518,80.56,81,78,9.93,broken clouds
14,Saint-Louis,SN,16.3333,-15.0,94.78,17,2,12.28,clear sky
15,Hilo,US,19.7297,-155.09,71.26,93,100,5.75,moderate rain
16,Atuona,PF,-9.8,-139.0333,79.52,70,87,21.56,overcast clouds
17,Khatanga,RU,71.9667,102.5,-19.28,100,98,6.13,overcast clouds
18,Rawson,AR,-43.3002,-65.1023,54.93,55,100,20.71,overcast clouds
19,Bermejo,AR,-32.8833,-68.8,66.11,45,39,21.85,scattered clouds
20,Bluff,NZ,-46.6,168.3333,57.04,72,54,11.72,broken clouds
21,Norman Wells,CA,65.282,-126.8329,-23.76,69,75,0.0,broken clouds
22,Qaanaaq,GL,77.484,-69.3632,12.15,72,92,6.49,overcast clouds
23,Vaini,TO,-21.2,-175.2,73.56,100,20,1.14,few clouds
24,Whitehorse,CA,60.7161,-135.0538,27.37,86,20,9.22,few clouds
25,Rocha,UY,-34.4833,-54.3333,73.83,62,100,11.03,overcast clouds
26,Albany,US,42.6001,-73.9662,42.42,59,100,2.24,light rain
27,Rikitea,PF,-23.1203,-134.9692,75.99,65,34,9.04,scattered clouds
28,Mishelevka,RU,52.8575,103.1719,25.43,96,100,0.4,overcast clouds
29,Alta Floresta,BR,-9.8756,-56.0861,85.82,70,40,3.44,scattered clouds
30,Penarroya-Pueblonuevo,ES,38.3,-5.2667,54.45,28,93,15.7,overcast clouds
31,Bo Phloi,TH,14.3236,99.5161,76.32,57,61,5.73,broken clouds
32,Banjar,ID,-8.19,114.9675,77.54,90,89,3.06,overcast clouds
33,Saskylakh,RU,71.9167,114.0833,-4.18,98,100,9.42,overcast clouds
34,Kodiak,US,57.79,-152.4072,26.11,93,0,3.44,clear sky
35,East London,ZA,-33.0153,27.9116,76.14,78,0,16.11,clear sky
36,Guerrero Negro,MX,27.9769,-114.0611,57.72,80,93,8.19,overcast clouds
37,Upernavik,GL,72.7868,-56.1549,15.75,82,95,9.33,overcast clouds
38,Uinskoye,RU,56.8817,56.5813,40.48,98,100,17.18,overcast clouds
39,Port Lincoln,AU,-34.7333,135.8667,60.46,78,1,6.64,clear sky
40,Usinsk,RU,65.9939,57.5281,22.8,77,100,14.27,overcast clouds
41,Cape Town,ZA,-33.9258,18.4232,76.1,58,40,14.97,scattered clouds
42,Avarua,CK,-21.2078,-159.775,73.45,94,100,2.3,overcast clouds
43,Saint-Philippe,RE,-21.3585,55.7679,74.79,90,99,17.13,moderate rain
44,Fujin,CN,47.26,132.0322,46.42,53,0,12.17,clear sky
45,Vidalia,US,32.2177,-82.4135,63.72,51,0,6.91,clear sky
46,Severo-Kurilsk,RU,50.6789,156.125,28.72,85,26,12.77,scattered clouds
47,Bambous Virieux,MU,-20.3428,57.7575,80.85,69,75,11.5,broken clouds
48,Asfi,MA,32.2994,-9.2372,62.62,77,17,17.09,few clouds
49,Ust-Maya,RU,60.4167,134.5333,10.18,97,100,2.08,overcast clouds
50,Leningradskiy,RU,69.3833,178.4167,-19.1,100,100,3.15,overcast clouds
51,Srednekolymsk,RU,67.45,153.6833,-16.98,100,67,2.68,broken clouds
52,Georgetown,MY,5.4112,100.3354,78.73,93,20,2.3,few clouds
53,Ponta Do Sol,PT,32.6667,-17.1,62.01,84,100,13.78,overcast clouds
54,Akdepe,TM,42.0551,59.3788,80.69,10,0,13.53,clear sky
55,Noumea,NC,-22.2763,166.4572,82.0,99,100,12.12,overcast clouds
56,Los Llanos De Aridane,ES,28.6585,-17.9182,62.35,98,75,12.66,broken clouds
57,Thompson,CA,55.7435,-97.8558,19.56,79,100,3.44,overcast clouds
58,Arlit,NE,18.7369,7.3853,106.83,3,5,2.95,clear sky
59,Vestmannaeyjar,IS,63.4427,-20.2734,43.79,100,100,19.57,overcast clouds
60,Puerto Escondido,MX,15.85,-97.0667,76.03,88,0,5.75,clear sky
61,Hervey Bay,AU,-25.2986,152.8535,71.02,85,2,4.0,clear sky
62,Punta Arenas,CL,-53.15,-70.9167,42.12,81,20,25.72,few clouds
63,Januaria,BR,-15.4833,-44.3667,89.47,34,6,8.86,clear sky
64,Beyneu,KZ,45.3167,55.2,75.07,24,6,10.45,clear sky
65,Yellowknife,CA,62.456,-114.3525,0.28,78,20,11.5,few clouds
66,Nelson Bay,AU,-32.7167,152.15,68.0,90,100,6.35,overcast clouds
67,Westport,US,41.1415,-73.3579,48.74,77,75,8.05,broken clouds
68,Vao,NC,-22.6667,167.4833,78.58,89,100,22.73,overcast clouds
69,Lorengau,PG,-2.0226,147.2712,79.93,80,100,1.43,overcast clouds
70,Pogranichnyy,RU,44.4064,131.3769,43.47,52,2,4.99,clear sky
71,Mataura,NZ,-46.1927,168.8643,45.73,97,54,1.88,broken clouds
72,Cidreira,BR,-30.1811,-50.2056,72.34,77,100,18.05,moderate rain
73,Tuktoyaktuk,CA,69.4541,-133.0374,-29.2,68,20,2.3,few clouds
74,Hermanus,ZA,-34.4187,19.2345,74.8,61,39,14.16,scattered clouds
75,Camapua,BR,-19.5314,-54.0439,82.33,65,13,8.25,few clouds
76,Boa Vista,BR,2.8197,-60.6733,76.98,88,100,9.22,overcast clouds
77,Barrow,US,71.2906,-156.7887,-7.58,71,100,13.8,overcast clouds
78,Jamestown,US,42.097,-79.2353,33.44,74,100,13.8,overcast clouds
79,Tasiilaq,GL,65.6145,-37.6368,32.16,86,100,3.0,overcast clouds
80,Tilichiki,RU,60.4667,166.1,7.81,92,100,7.16,overcast clouds
81,Nikolskoye,RU,59.7035,30.7861,37.87,78,98,7.61,overcast clouds
82,Arraial Do Cabo,BR,-22.9661,-42.0278,82.36,78,75,10.36,broken clouds
83,Mandalgovi,MN,45.7625,106.2708,43.9,19,100,8.14,overcast clouds
84,Lebu,CL,-37.6167,-73.65,53.89,63,8,8.7,clear sky
85,Fairbanks,US,64.8378,-147.7164,10.92,78,40,3.44,scattered clouds
86,Olbia,IT,40.9214,9.4856,59.05,41,40,17.27,scattered clouds
87,Santa Rosa,PH,14.3122,121.1114,82.38,70,100,10.87,overcast clouds
88,Inhambane,MZ,-23.865,35.3833,82.76,56,3,12.53,clear sky
89,Astorga,BR,-23.2325,-51.6656,79.03,74,0,14.29,clear sky
90,Tucumcari,US,35.1717,-103.725,57.94,30,0,9.22,clear sky
91,Sept-Iles,CA,50.2001,-66.3821,33.06,58,20,16.11,few clouds
92,Port Augusta,AU,-32.5,137.7667,63.05,60,0,6.13,clear sky
93,Dikson,RU,73.5069,80.5464,-0.11,99,76,9.53,broken clouds
94,Nelspruit,ZA,-25.4745,30.9703,82.69,54,20,4.61,few clouds
95,Lomovka,RU,53.9194,58.3672,45.97,77,100,5.08,overcast clouds
96,Cap-Aux-Meules,CA,47.3821,-61.8597,33.85,75,20,18.41,few clouds
97,Vila Velha,BR,-20.3297,-40.2925,85.95,74,40,10.36,scattered clouds
98,Roald,NO,62.5833,6.1333,42.17,93,75,1.14,broken clouds
99,Nanortalik,GL,60.1432,-45.2371,38.62,79,99,1.7,overcast clouds
100,Sakaiminato,JP,35.55,133.2333,48.18,81,40,8.05,scattered clouds
101,Palora,EC,-1.7,-77.9333,71.71,82,67,1.01,broken clouds
102,Fort Wellington,GY,6.4,-57.6,79.79,83,82,9.73,broken clouds
103,Port-Gentil,GA,-0.7193,8.7815,81.45,75,87,11.63,overcast clouds
104,Harper,LR,4.375,-7.7169,85.93,67,57,11.99,broken clouds
105,Tome,CL,-36.6167,-72.95,52.41,60,8,11.07,clear sky
106,Shimoda,JP,34.6667,138.95,48.11,92,100,17.45,moderate rain
107,Cabo San Lucas,MX,22.8909,-109.9124,65.52,75,7,12.21,clear sky
108,Aketi,CD,2.7388,23.7833,90.63,39,57,3.76,broken clouds
109,Port Alfred,ZA,-33.5906,26.891,76.17,79,87,5.99,overcast clouds
110,Souillac,MU,-20.5167,57.5167,80.98,69,75,11.5,broken clouds
111,Marystown,CA,47.1666,-55.1483,38.86,100,100,15.01,overcast clouds
112,Ossora,RU,59.2353,163.0719,20.01,86,100,4.81,overcast clouds
113,Middelburg,ZA,-25.7751,29.4648,69.8,57,98,11.45,overcast clouds
114,Pacific Grove,US,36.6177,-121.9166,51.91,92,100,4.61,mist
115,Kabompo,ZM,-13.5927,24.2008,77.63,73,64,2.95,light rain
116,Kapaa,US,22.0752,-159.319,73.11,84,75,19.57,broken clouds
117,Vanimo,PG,-2.6741,141.3028,78.6,85,98,1.19,overcast clouds
118,Namibe,AO,-15.1961,12.1522,75.45,74,94,11.52,overcast clouds
119,Wau,SS,7.7029,27.9953,86.68,51,98,15.7,light rain
120,Tuatapere,NZ,-46.1333,167.6833,48.96,92,54,2.64,broken clouds
121,Kyshtovka,RU,56.555,76.6271,33.21,99,100,5.88,overcast clouds
122,Tiksi,RU,71.6872,128.8694,3.02,98,100,7.78,overcast clouds
123,Changtu,CN,42.7788,124.0955,50.76,33,0,22.46,clear sky
124,Vestmanna,FO,62.1564,-7.1664,45.52,100,100,20.71,drizzle
125,Bredasdorp,ZA,-34.5322,20.0403,69.12,66,72,12.77,broken clouds
126,Sawakin,SD,19.1059,37.3321,84.13,58,96,9.01,overcast clouds
127,Pemba,MZ,-12.974,40.5178,81.86,73,8,7.63,light rain
128,Yenagoa,NG,4.9247,6.2642,88.66,58,100,7.34,light rain
129,Husavik,IS,66.0449,-17.3389,33.51,99,100,9.15,snow
130,Marsh Harbour,BS,26.5412,-77.0636,76.91,77,60,13.67,broken clouds
131,Belmonte,BR,-15.8631,-38.8828,82.98,67,11,7.05,few clouds
132,Blairmore,CA,49.6,-114.4353,33.93,86,81,3.44,broken clouds
133,Tessalit,ML,20.1986,1.0114,101.37,7,0,7.4,clear sky
134,Svetlaya,RU,46.5389,138.3297,35.96,83,0,7.52,clear sky
135,Steinbach,DE,50.1667,8.5667,46.56,32,0,5.75,clear sky
136,Port Elizabeth,ZA,-33.918,25.5701,72.32,82,40,8.05,scattered clouds
137,Hue,VN,16.4667,107.6,62.71,94,75,6.91,broken clouds
138,Olinda,BR,-8.0089,-34.8553,80.33,83,75,4.61,light rain
139,Pisco,PE,-13.7,-76.2167,69.85,73,0,8.05,clear sky
140,Touros,BR,-5.1989,-35.4608,82.81,75,97,13.91,overcast clouds
141,Komsomolskiy,UZ,40.4272,71.7189,70.52,32,0,2.3,clear sky
142,Atar,MR,20.5169,-13.0499,88.59,11,0,15.1,clear sky
143,Waddan,LY,29.1614,16.139,96.19,6,0,4.81,clear sky
144,Saint-Augustin,CA,51.226,-58.6502,35.55,99,99,15.14,overcast clouds
145,Manacapuru,BR,-3.2997,-60.6206,74.89,89,100,2.1,overcast clouds
146,Katsuura,JP,35.1333,140.3,50.02,77,100,21.23,light rain
147,Coos Bay,US,43.3665,-124.2179,43.93,97,75,6.91,broken clouds
148,Ust-Kuyga,RU,70.0167,135.6,-20.09,100,60,2.91,broken clouds
149,Vostok,RU,46.4856,135.8833,30.69,80,0,7.11,clear sky
150,Los Cedrales,PY,-25.65,-54.7,79.09,62,70,9.26,broken clouds
151,Mahebourg,MU,-20.4081,57.7,80.89,69,75,11.5,broken clouds
152,Victoria,HK,22.2855,114.1577,67.17,67,0,11.99,clear sky
153,Kumluca,TR,36.3703,30.2869,71.53,45,81,6.33,broken clouds
154,Senno,RU,59.5336,33.9167,31.35,70,72,5.79,broken clouds
155,Bonavista,CA,48.6499,-53.1147,35.13,85,99,13.11,overcast clouds
156,Isangel,VU,-19.55,169.2667,79.75,84,100,10.29,overcast clouds
157,Kruisfontein,ZA,-34.0033,24.7314,67.89,61,63,9.98,broken clouds
158,Rockhampton,AU,-23.3833,150.5,71.49,83,2,5.75,clear sky
159,Taltal,CL,-25.4,-70.4833,67.5,64,0,5.97,clear sky
160,Lompoc,US,34.6391,-120.4579,56.57,90,100,1.99,overcast clouds
161,Butaritari,KI,3.0707,172.7902,81.7,70,84,15.32,broken clouds
162,Port Shepstone,ZA,-30.7414,30.455,75.67,80,61,5.75,broken clouds
163,Hofn,IS,64.2539,-15.2082,41.02,93,100,5.75,overcast clouds
164,Geraldton,AU,-28.7667,114.6,73.81,88,4,10.36,clear sky
165,Iranshahr,IR,27.2025,60.6848,98.94,5,0,6.91,clear sky
166,Champerico,GT,14.3,-91.9167,82.94,67,18,10.49,few clouds
167,Kaeo,NZ,-35.1,173.7833,66.33,91,61,2.08,broken clouds
168,Tukrah,LY,32.5341,20.5791,69.73,52,0,19.82,clear sky
169,Mar Del Plata,AR,-38.0023,-57.5575,69.82,76,0,20.0,clear sky
170,Chara,RU,56.9064,118.2631,10.24,80,100,4.54,overcast clouds
171,Bengkulu,ID,-3.8004,102.2655,78.89,76,27,3.44,scattered clouds
172,Valley City,US,46.9233,-98.0032,28.92,100,0,9.22,clear sky
173,Moroni,KM,-11.7022,43.2551,81.97,75,19,3.76,light rain
174,Ostrovnoy,RU,68.0531,39.5131,21.63,84,99,9.19,overcast clouds
175,Caravelas,BR,-17.7125,-39.2481,83.95,64,15,6.38,few clouds
176,Elat,IL,29.5581,34.9482,93.04,10,100,23.02,dust
177,Baruun-Urt,MN,46.6806,113.2792,46.65,21,100,1.07,overcast clouds
178,Plettenberg Bay,ZA,-34.0527,23.3716,67.64,71,98,4.88,overcast clouds
179,Ashta,IN,23.0167,76.7167,92.25,11,5,7.16,clear sky
180,Adelaide,AU,-34.9333,138.6,60.17,74,0,5.75,clear sky
181,San Patricio,US,28.017,-97.5169,73.92,79,0,7.29,clear sky
182,Moose Factory,CA,51.2585,-80.6094,24.8,54,75,13.8,broken clouds
183,Chunskiy,RU,56.0815,99.6342,19.67,88,68,1.7,broken clouds
184,Camargo,MX,27.6667,-105.1667,65.57,17,95,3.0,overcast clouds
185,Cherskiy,RU,68.75,161.3,-4.14,99,100,4.41,overcast clouds
186,Airai,TL,-8.9266,125.4092,58.93,88,100,1.41,overcast clouds
187,Ipameri,BR,-17.7219,-48.1597,81.64,46,0,9.89,clear sky
188,Port Hardy,CA,50.6996,-127.4199,39.2,93,100,3.44,overcast clouds
189,Yenotayevka,RU,47.2456,47.0281,65.73,39,100,7.9,overcast clouds
190,Xinmin,CN,41.9908,122.8253,49.91,43,0,21.72,clear sky
191,Te Anau,NZ,-45.4167,167.7167,48.18,83,66,0.51,broken clouds
192,New Norfolk,AU,-42.7826,147.0587,56.7,87,99,0.31,overcast clouds
193,Riyadh,SA,24.6877,46.7219,96.94,7,40,12.17,scattered clouds
194,Korla,CN,41.7597,86.1469,62.8,21,0,1.39,clear sky
195,Richards Bay,ZA,-28.783,32.0377,79.65,71,100,8.84,overcast clouds
196,Castro,BR,-24.7911,-50.0119,64.06,90,100,8.79,overcast clouds
197,Meulaboh,ID,4.1363,96.1285,73.17,92,100,8.77,overcast clouds
198,Trapani,IT,37.8333,12.6667,56.28,58,20,10.36,few clouds
199,Havelock,US,34.8791,-76.9013,66.94,63,0,11.5,clear sky
200,Derzhavinsk,KZ,51.1,66.3167,37.18,100,100,10.71,overcast clouds
201,Kaduqli,SD,11.0167,29.7167,106.16,7,22,6.33,few clouds
202,Chapais,CA,49.7834,-74.8492,31.78,92,100,3.6,overcast clouds
203,Torbay,CA,47.6666,-52.7314,38.57,89,100,19.57,light intensity shower rain
204,San Ignacio,BZ,17.1561,-89.0714,78.94,78,0,0.0,clear sky
205,Faya,SA,18.3851,42.4509,77.11,21,1,4.7,clear sky
206,Kavieng,PG,-2.5744,150.7967,81.36,79,89,6.51,light rain
207,Buraydah,SA,26.326,43.975,97.25,6,100,1.36,overcast clouds
208,Lata,PT,40.1629,-8.3327,57.81,24,1,11.77,clear sky
209,Bayangol,RU,50.6977,103.4656,25.54,90,100,3.27,overcast clouds
210,Saldanha,ZA,-33.0117,17.9442,77.05,63,0,9.1,clear sky
211,Ojinaga,MX,29.5667,-104.4167,68.95,52,0,3.44,clear sky
212,Nioro,GM,13.35,-15.75,94.95,18,99,7.94,overcast clouds
213,Solnechnyy,RU,50.7214,136.6319,36.07,86,100,7.96,overcast clouds
214,Calvinia,ZA,-31.4707,19.776,73.54,25,88,11.88,overcast clouds
215,Zeya,RU,53.75,127.2667,35.83,87,78,8.03,broken clouds
216,Evensk,RU,61.95,159.2333,7.03,84,30,6.35,scattered clouds
217,Laramie,US,41.3114,-105.5911,39.52,52,0,5.75,clear sky
218,Ubatuba,BR,-23.4339,-45.0711,79.21,80,40,5.01,scattered clouds
219,Pueblo Nuevo,MX,23.3833,-105.3833,56.93,23,34,4.41,scattered clouds
220,Comodoro Rivadavia,AR,-45.8667,-67.5,55.26,35,0,19.57,clear sky
221,Xining,CN,36.6167,101.7667,48.52,19,100,14.32,overcast clouds
222,Hedaru,TZ,-4.5,37.9,88.09,38,92,9.93,overcast clouds
223,Kaitangata,NZ,-46.2817,169.8464,47.3,95,63,4.92,broken clouds
224,Masvingo,ZW,-20.0637,30.8277,79.45,47,81,8.68,broken clouds
225,Ahipara,NZ,-35.1667,173.1667,62.24,91,2,2.82,clear sky
226,Nakambala,ZM,-15.8324,27.7799,75.85,72,97,5.28,light rain
227,Codrington,AU,-38.2667,141.9667,58.78,89,96,5.14,overcast clouds
228,Selma,US,36.5708,-119.6121,57.25,85,100,3.22,overcast clouds
229,Sampit,ID,-2.5333,112.95,75.27,96,34,2.66,scattered clouds
230,Satellite Beach,US,28.1761,-80.5901,75.06,80,0,12.66,clear sky
231,Mount Gambier,AU,-37.8333,140.7667,49.91,100,11,4.61,few clouds
232,Snyder,US,32.7179,-100.9176,66.09,39,0,14.97,clear sky
233,Bundaberg,AU,-24.85,152.35,70.21,92,2,3.44,clear sky
234,Lichinga,MZ,-13.3128,35.2406,64.49,88,75,4.61,thunderstorm with light rain
235,Sankheda,IN,22.1667,73.5833,94.78,15,0,8.43,clear sky
236,Cabedelo,BR,-6.9811,-34.8339,86.67,73,22,14.99,few clouds
237,Bassar,TG,9.25,0.7833,99.79,27,98,5.28,overcast clouds
238,Huarmey,PE,-10.0681,-78.1522,71.42,79,75,7.11,broken clouds
239,Bethel,US,41.3712,-73.414,47.19,75,75,4.61,broken clouds
240,Nacala,MZ,-14.5428,40.6728,82.02,74,21,6.11,light rain
241,Ugoofaaru,MV,5.6667,73.0,83.7,67,4,2.13,clear sky
242,Balaipungut,ID,1.05,101.2833,75.54,96,100,3.89,overcast clouds
243,Villa Carlos Paz,AR,-31.4241,-64.4978,72.39,28,0,8.01,clear sky
244,Cayenne,GF,4.9333,-52.3333,81.09,1,100,13.8,overcast clouds
245,Canon City,US,38.441,-105.2424,55.62,48,75,11.01,broken clouds
246,Bowen,AU,-20.0167,148.2333,79.27,79,29,10.13,scattered clouds
247,Okhotsk,RU,59.3833,143.3,18.46,88,99,6.58,overcast clouds
248,Darayya,SY,33.459,36.2374,83.16,11,47,14.92,scattered clouds
249,Bandarbeyla,SO,9.4942,50.8122,82.09,65,3,8.66,clear sky
250,Sioux Lookout,CA,50.1001,-91.917,32.07,86,100,3.44,overcast clouds
251,Seydi,TM,39.4816,62.9137,78.53,16,0,4.16,clear sky
252,Forecariah,GN,9.4306,-13.0881,96.85,25,99,8.7,overcast clouds
253,Zalantun,CN,48.0,122.7167,49.5,30,9,6.64,clear sky
254,Coquimbo,CL,-29.9533,-71.3436,58.73,82,40,4.61,scattered clouds
255,Buala,SB,-8.145,159.5921,79.92,83,86,9.13,light rain
256,Joniskis,LT,56.2403,23.6153,41.92,38,99,10.67,overcast clouds
257,Beringovskiy,RU,63.05,179.3167,-7.87,94,90,12.86,overcast clouds
258,Esperance,AU,-33.8667,121.9,66.04,82,100,11.07,light rain
259,Odda,NO,60.0691,6.5457,40.78,94,100,8.7,overcast clouds
260,Dingle,PH,10.9995,122.6711,76.93,83,60,7.25,broken clouds
261,Ribeira Grande,PT,38.5167,-28.7,63.0,82,40,21.85,scattered clouds
262,Haines Junction,CA,60.7522,-137.5108,22.95,100,79,1.14,broken clouds
263,Masallatah,LY,32.6167,14.0,62.44,61,1,17.98,clear sky
264,Irbeyskoye,RU,55.6428,95.4522,27.97,78,100,2.13,overcast clouds
265,Kismayo,SO,-0.3582,42.5454,83.97,67,95,13.13,overcast clouds
266,Lavrentiya,RU,65.5833,-171.0,-11.7,94,31,9.6,scattered clouds
267,Manto,HN,14.9167,-86.3833,76.93,65,57,2.3,broken clouds
268,Puerto Narino,CO,-3.7703,-70.3831,75.58,83,99,2.28,overcast clouds
269,Smirnykh,RU,49.75,142.8333,32.9,82,46,3.76,scattered clouds
270,Key West,US,24.5557,-81.7826,84.2,74,0,9.22,clear sky
271,Farafangana,MG,-22.8167,47.8333,78.26,79,0,7.11,clear sky
272,Ancud,CL,-41.8697,-73.8203,49.23,74,48,1.36,scattered clouds
273,Karratha,AU,-20.7377,116.8463,83.52,68,0,12.06,clear sky
274,Havre,FR,49.5833,0.3333,45.34,57,0,11.5,clear sky
275,Eydhafushi,MV,5.1033,73.0708,83.57,68,6,3.22,clear sky
276,Sambava,MG,-14.2667,50.1667,79.38,87,26,11.54,moderate rain
277,Zyryanovsk,KZ,49.7386,84.2719,30.27,98,100,0.94,overcast clouds
278,Ilulissat,GL,69.2167,-51.1,30.22,69,40,1.14,scattered clouds
279,Dawei,MM,14.0833,98.2,75.76,56,98,7.65,overcast clouds
280,Sao Jose Da Coroa Grande,BR,-8.8978,-35.1478,82.9,71,22,11.36,few clouds
281,Provost,CA,52.3501,-110.2683,30.65,65,0,4.38,clear sky
282,Yinchuan,CN,38.4681,106.2731,57.72,10,94,5.12,overcast clouds
283,Huilong,CN,31.8111,121.655,46.44,66,0,7.65,clear sky
284,Vila Franca Do Campo,PT,37.7167,-25.4333,63.01,71,18,18.43,few clouds
285,Cockburn Town,TC,21.4612,-71.1419,80.56,74,40,11.5,scattered clouds
286,Provideniya,RU,64.3833,-173.3,2.98,73,0,10.56,clear sky
287,Umm Lajj,SA,25.0213,37.2685,83.46,40,100,7.23,overcast clouds
288,Hermosillo,MX,29.0667,-110.9667,62.69,54,40,5.99,scattered clouds
289,Kiri Buru,IN,22.0833,85.35,87.37,14,1,3.13,clear sky
290,Hasaki,JP,35.7333,140.8333,50.29,64,100,19.51,overcast clouds
291,Morondava,MG,-20.2833,44.2833,83.14,61,0,11.12,clear sky
292,Rio Grande,BR,-32.035,-52.0986,66.94,92,100,15.23,moderate rain
293,Hualmay,PE,-11.0964,-77.6139,70.59,79,34,6.93,scattered clouds
294,Talnakh,RU,69.4865,88.3972,6.13,98,99,3.42,overcast clouds
295,Wattegama,LK,6.7989,81.4808,75.83,89,40,1.66,moderate rain
296,Saint George,US,37.1041,-113.5841,57.79,40,0,10.36,clear sky
297,Roma,US,43.2128,-75.4557,36.73,86,100,6.91,snow
298,Cabra,ES,37.4725,-4.4421,59.67,37,100,1.01,overcast clouds
299,Wajid,SO,3.8093,43.2471,97.74,18,83,15.19,broken clouds
300,Bubaque,GW,11.2833,-15.8333,75.67,62,99,9.53,overcast clouds
301,Guilin,CN,25.2819,110.2864,57.31,65,0,3.47,clear sky
302,Imeni Poliny Osipenko,RU,52.4201,136.4853,35.17,88,100,14.56,overcast clouds
303,Nova Olimpia,BR,-14.7972,-57.2881,82.74,71,10,1.59,clear sky
304,Zhezkazgan,KZ,47.8043,67.7144,53.58,54,0,8.95,clear sky
305,Penzance,GB,50.1186,-5.5371,47.08,57,45,4.54,scattered clouds
306,Thunder Bay,CA,48.4001,-89.3168,38.28,72,75,4.61,broken clouds
307,Iwaki,JP,37.05,140.8833,47.77,93,100,1.43,light rain
308,Ambilobe,MG,-13.2,49.05,81.09,84,35,3.65,light rain
309,Barla,RO,44.4333,24.7667,49.53,47,6,25.03,clear sky
310,Mrakovo,RU,52.7161,56.6244,39.36,99,100,5.59,overcast clouds
311,Longyearbyen,SJ,78.2186,15.6401,8.44,56,20,19.57,few clouds
312,Araouane,ML,18.9048,-3.5265,103.51,7,2,3.91,clear sky
313,Guadalupe Y Calvo,MX,26.1,-106.9667,47.66,25,48,4.45,scattered clouds
314,Kamyshlov,RU,56.8428,62.7111,38.28,100,100,14.63,overcast clouds
315,Dandong,CN,40.1292,124.3947,43.66,72,0,5.21,clear sky
316,Twin Falls,US,42.3505,-114.6445,30.54,59,0,4.61,clear sky
317,Bilibino,RU,68.0546,166.4372,-0.56,95,100,2.91,overcast clouds
318,Najran,SA,17.4924,44.1277,86.65,7,3,13.33,clear sky
319,Massakory,TD,12.996,15.7293,105.82,5,100,7.92,overcast clouds
320,Nishihara,JP,26.1842,127.7558,65.48,80,100,14.97,overcast clouds
321,Sitka,US,57.0531,-135.33,39.09,81,100,13.8,moderate rain
322,Aykhal,RU,66.0,111.5,6.44,98,96,7.87,overcast clouds
323,Hinton,CA,53.4001,-117.5857,26.01,88,100,4.97,overcast clouds
324,Cape Coast,GH,5.1053,-1.2466,87.67,68,100,13.04,overcast clouds
325,Mukilteo,US,47.9445,-122.3046,47.21,82,100,10.36,overcast clouds
326,Villazon,BO,-22.0866,-65.5942,53.02,20,4,5.61,clear sky
327,Nyurba,RU,63.2842,118.3319,2.55,100,87,2.17,overcast clouds
328,Sorong,ID,-0.8833,131.25,79.45,83,90,4.9,overcast clouds
329,Pali,IN,25.7667,73.3333,92.23,8,0,6.6,clear sky
330,Praia Da Vitoria,PT,38.7333,-27.0667,62.85,77,20,19.1,few clouds
331,Bathsheba,BB,13.2167,-59.5167,83.01,61,40,18.41,scattered clouds
332,Faanui,PF,-16.4833,-151.75,80.56,78,8,7.54,light rain
333,Surgut,RU,61.25,73.4167,28.58,54,0,13.42,clear sky
334,Urusha,RU,54.05,122.9,24.01,71,38,6.13,scattered clouds
335,Aksarka,RU,66.5606,67.7975,9.9,95,52,5.06,broken clouds
336,Antalaha,MG,-14.9003,50.2788,83.21,71,20,14.47,light rain
337,Kyaikto,MM,17.3,97.0167,83.41,53,99,10.65,overcast clouds
338,Teya,RU,60.3778,92.6267,8.91,96,83,2.55,broken clouds
339,Nabire,ID,-3.3667,135.4833,76.84,86,100,3.87,overcast clouds
340,Mikkeli,FI,61.6886,27.2723,35.71,41,0,9.22,clear sky
341,Turukhansk,RU,65.8167,87.9833,4.44,92,23,2.59,few clouds
342,Griffith,US,41.5284,-87.4237,41.14,90,75,3.44,broken clouds
343,La Motte-Servolex,FR,45.5942,5.8758,47.84,57,75,10.36,broken clouds
344,Zlocieniec,PL,53.5329,16.0113,40.89,42,100,11.7,overcast clouds
345,Tazovskiy,RU,67.4667,78.7,-1.84,100,6,6.4,clear sky
346,Ryotsu,JP,38.0833,138.4333,46.85,66,95,6.42,overcast clouds
347,Sobradinho,BR,-12.8333,-39.1,83.21,62,99,8.81,overcast clouds
348,Alice Springs,AU,-23.7,133.8833,58.55,41,0,0.0,clear sky
349,Naliya,IN,23.2667,68.8333,81.52,57,0,11.14,clear sky
350,Paamiut,GL,61.994,-49.6678,35.06,76,90,3.4,overcast clouds
351,Karachi,PK,24.9056,67.0822,85.82,30,6,9.22,haze
352,Alofi,NU,-19.0595,-169.9187,69.69,94,55,1.14,broken clouds
353,Doha,QA,25.2867,51.5333,91.71,46,0,8.05,clear sky
354,Tortoli,IT,39.9256,9.6572,60.62,27,40,8.05,scattered clouds
355,Kamenka,RU,51.3223,42.7678,49.37,70,100,10.54,overcast clouds
356,Riberalta,BO,-10.9833,-66.1,79.0,69,40,6.91,scattered clouds
357,La Ronge,CA,55.1001,-105.2842,28.65,74,40,6.91,scattered clouds
358,Iqaluit,CA,63.7506,-68.5145,25.7,86,75,18.01,broken clouds
359,Ziro,IN,27.6333,93.8333,47.14,98,82,1.39,broken clouds
360,Naze,JP,28.3667,129.4833,59.92,70,100,14.07,overcast clouds
361,Biharamulo,TZ,-2.6319,31.3089,76.19,59,28,5.84,scattered clouds
362,Yanam,IN,16.7333,82.2167,80.47,80,40,8.86,scattered clouds
363,Nome,US,64.5011,-165.4064,10.47,52,0,8.05,clear sky
364,Colquechaca,BO,-18.6667,-66.0167,40.46,58,83,5.41,broken clouds
365,Quang Ngai,VN,15.1167,108.8,67.51,93,100,9.55,overcast clouds
366,Buri,BR,-23.7975,-48.5928,74.28,75,64,10.09,broken clouds
367,Petropavlovsk-Kamchatskiy,RU,53.0452,158.6483,23.59,63,0,8.95,clear sky
368,Sao Filipe,CV,14.8961,-24.4956,71.22,75,55,9.08,broken clouds
369,Dunedin,NZ,-45.8742,170.5036,56.8,76,33,1.99,scattered clouds
370,Sobolevo,RU,54.4299,31.8996,33.24,80,100,7.31,overcast clouds
371,Iwanai,JP,42.9744,140.5089,31.98,92,0,5.48,clear sky
372,Berlevag,NO,70.8578,29.0864,30.0,60,100,17.18,overcast clouds
373,Manakara,MG,-22.1333,48.0167,78.12,77,0,7.18,clear sky
374,Gutersloh,DE,51.9,8.3833,45.41,72,99,10.2,overcast clouds
375,High Level,CA,58.5169,-117.136,1.51,85,20,0.0,few clouds
376,Taoudenni,ML,22.6783,-3.9836,103.73,6,0,22.01,clear sky
377,Ixtapa,MX,20.7,-105.2,70.23,77,100,3.44,overcast clouds
378,Hami,CN,42.8,93.45,59.76,17,3,10.78,clear sky
379,Oriximina,BR,-1.7656,-55.8661,74.28,97,100,2.13,moderate rain
380,Igarka,RU,67.4667,86.5833,1.15,100,52,2.93,broken clouds
381,Bhanpuri,IN,21.1,80.9167,94.17,14,0,4.12,clear sky
382,Chuy,UY,-33.6971,-53.4616,72.37,68,100,10.29,overcast clouds
383,Kuching,MY,1.55,110.3333,79.02,94,40,0.0,light rain
384,Tambacounda,SN,13.7539,-13.7586,100.45,17,0,9.22,clear sky
385,Zarubino,RU,42.63,131.0922,38.8,82,8,7.34,clear sky
386,Pipri,IN,19.8,75.5333,93.78,26,11,0.0,few clouds
387,Menongue,AO,-14.6585,17.691,72.36,70,99,6.53,overcast clouds
388,Zhigansk,RU,66.7697,123.3711,4.93,97,94,8.81,overcast clouds
389,Sola,VU,-13.8833,167.55,77.49,85,100,14.05,moderate rain
390,Gamba,GA,-2.65,10.0,84.38,69,91,8.86,overcast clouds
391,Kidal,ML,18.4411,1.4078,104.59,5,0,7.81,clear sky
392,Kisangani,CD,0.5167,25.2,84.51,60,97,3.98,overcast clouds
393,Olafsvik,IS,64.8945,-23.7142,40.39,88,100,10.83,overcast clouds
394,Jiayuguan,CN,39.8167,98.3,50.05,15,70,11.36,broken clouds
395,Kolvereid,NO,64.8655,11.6047,31.23,64,100,14.29,light snow
396,Waipawa,NZ,-41.4122,175.5153,52.61,93,16,2.53,few clouds
397,Raciborz,PL,50.0919,18.2193,36.61,66,100,11.52,overcast clouds
398,Arak,IR,34.0917,49.6892,75.83,11,2,6.06,clear sky
399,Brokopondo,SR,4.75,-55.1667,78.67,86,100,5.95,overcast clouds
400,Grand-Santi,GF,4.25,-54.3833,78.57,93,98,3.36,overcast clouds
401,Sistranda,NO,63.7256,8.834,35.56,64,100,14.58,overcast clouds
402,Srednyaya Akhtuba,RU,48.7089,44.8667,67.66,33,99,15.57,overcast clouds
403,Baoning,CN,25.3378,110.026,57.06,67,0,2.24,clear sky
404,Girne,CY,35.3417,33.3167,78.35,50,100,22.06,overcast clouds
405,La Baule-Escoublac,FR,47.2922,-2.364,49.71,44,0,12.66,clear sky
406,Coihaique,CL,-45.5752,-72.0662,48.15,61,75,6.91,light intensity shower rain
407,Altamira,BR,-3.2033,-52.2064,82.49,78,75,4.61,broken clouds
408,Vardo,NO,70.3705,31.1107,28.27,85,100,15.35,light snow
409,Port Blair,IN,11.6667,92.75,81.97,75,21,10.69,few clouds
410,Guozhen,CN,34.3659,107.359,59.22,53,100,1.92,overcast clouds
411,Vila,PT,42.0304,-8.1588,50.88,34,20,9.08,few clouds
412,Maceio,BR,-9.6658,-35.7353,85.44,61,75,9.22,broken clouds
413,Karasburg,NA,-28.0167,18.75,77.94,14,0,19.01,clear sky
414,Inirida,CO,3.8653,-67.9239,81.54,74,100,4.05,overcast clouds
415,Bom Jesus,BR,-9.0744,-44.3586,91.44,39,43,7.87,scattered clouds
416,Baykit,RU,61.67,96.37,8.91,96,74,2.91,broken clouds
417,Kieta,PG,-6.2167,155.6333,78.67,84,60,2.13,light rain
418,Povenets,RU,62.8487,34.8262,26.58,95,99,4.65,light snow
419,Narsaq,GL,60.9167,-46.05,39.42,60,99,5.59,overcast clouds
420,Greytown,ZA,-29.0642,30.5928,68.36,68,100,3.09,overcast clouds
421,Karad,IN,17.2833,74.2,83.44,49,100,8.3,overcast clouds
422,Havre-Saint-Pierre,CA,50.2334,-63.5986,35.96,51,0,16.11,clear sky
423,Markova,UA,48.6758,24.4138,31.01,91,100,9.91,light snow
424,Chokurdakh,RU,70.6333,147.9167,-20.29,100,50,3.42,scattered clouds
425,Hamilton,US,39.1834,-84.5333,44.65,71,100,9.22,overcast clouds
426,Weihe,CN,32.9952,105.3247,47.89,91,100,3.44,overcast clouds
427,Ilo,PE,-17.6394,-71.3375,71.01,71,77,9.31,broken clouds
428,Faranah,GN,10.0404,-10.7434,100.08,20,89,2.35,overcast clouds
429,Seoul,KR,37.5683,126.9778,46.0,69,0,1.14,clear sky
430,Khor,RU,47.8861,134.9464,35.31,74,1,8.28,clear sky
431,Martinho Campos,BR,-19.3317,-45.2369,82.99,47,14,5.48,few clouds
432,Dourbali,TD,11.8091,15.8632,107.53,5,100,7.81,overcast clouds
433,Guanica,PR,17.9716,-66.908,86.13,68,1,17.92,clear sky
434,Aklavik,CA,68.2191,-135.0107,-22.0,76,20,6.91,few clouds
435,Las Vegas,US,36.175,-115.1372,64.83,30,0,13.8,clear sky
436,Yumen,CN,40.2833,97.2,49.51,19,0,13.42,clear sky
437,Houma,US,29.5958,-90.7195,68.0,89,0,8.05,clear sky
438,Lazo,RU,43.3817,133.9014,34.05,68,0,3.49,clear sky
439,Ascension,US,30.2169,-90.9001,70.0,73,0,3.44,clear sky
440,Babu,CN,24.4167,111.5167,58.75,67,0,1.74,clear sky
441,Bombay,IN,19.0144,72.8479,84.18,70,5,10.36,haze
442,Aktash,RU,50.3,87.7333,25.54,93,100,5.1,overcast clouds
443,Thinadhoo,MV,0.5333,72.9333,83.39,69,64,3.69,broken clouds
444,Ulagan,RU,50.6321,87.9563,33.64,94,99,3.36,overcast clouds
445,Nago,JP,26.5881,127.9761,65.25,83,100,15.14,overcast clouds
446,Yerofey Pavlovich,RU,53.9667,121.9667,19.49,92,60,4.52,broken clouds
447,Severnyy,RU,50.677,36.5532,39.24,70,75,13.42,broken clouds
448,Mitsamiouli,KM,-11.3847,43.2844,82.58,71,35,3.94,scattered clouds
449,Tezu,IN,27.9167,96.1667,69.39,89,100,0.78,overcast clouds
450,Samana,DO,19.2056,-69.3369,78.76,88,75,0.0,broken clouds
451,Asau,RO,46.4333,26.4,39.96,91,100,5.97,overcast clouds
452,Suozhen,CN,36.9539,118.1047,54.55,39,0,6.67,clear sky
453,De-Kastri,RU,51.4667,140.7833,31.39,91,86,5.08,light snow
454,Lucapa,AO,-8.4192,20.7447,78.31,73,48,3.24,light rain
455,Nemuro,JP,43.3236,145.575,35.69,85,0,16.58,clear sky
456,Vryburg,ZA,-26.9566,24.7284,66.61,79,86,22.53,moderate rain
457,Kati,ML,12.7441,-8.0726,101.61,12,77,3.74,broken clouds
458,Arman,RU,59.7,150.1667,0.01,92,59,6.4,broken clouds
459,West Bay,KY,19.3667,-81.4167,80.08,72,75,12.66,broken clouds
460,Kyra,RU,49.5776,111.9753,31.96,66,83,5.5,broken clouds
461,Riviere-Au-Renard,CA,48.9957,-64.3971,34.09,79,7,23.44,clear sky
462,Umm Kaddadah,SD,13.6017,26.6876,101.37,5,99,5.5,overcast clouds
463,Luau,AO,-10.7073,22.2247,71.06,88,79,5.19,light rain
464,Hambantota,LK,6.1241,81.1185,80.94,89,40,4.61,thunderstorm
465,Hohhot,CN,40.8106,111.6522,39.49,30,0,4.47,clear sky
466,Padang,ID,-0.9492,100.3543,79.07,80,34,0.63,scattered clouds
467,Kipushi,CD,-11.7667,27.2333,72.45,89,30,2.33,light rain
468,Puerto El Triunfo,SV,13.2833,-88.55,83.32,58,28,4.72,scattered clouds
469,Seymchan,RU,62.8833,152.4333,-12.23,98,97,1.05,overcast clouds
470,Greensburg,US,40.3015,-79.5389,40.1,92,100,13.8,overcast clouds
471,Yulara,AU,-25.2406,130.9889,62.44,34,0,1.14,clear sky
472,Ayr,GB,55.4627,-4.6339,49.32,81,75,11.5,broken clouds
473,San Andres,CO,12.5847,-81.7006,82.42,78,40,12.66,scattered clouds
474,Pokosnoye,RU,55.5258,101.0536,19.74,88,99,2.06,overcast clouds
475,Lae,PG,-6.7221,146.9847,76.98,90,100,4.7,overcast clouds
476,Trairi,BR,-3.2778,-39.2689,82.78,78,73,9.89,broken clouds
477,Flinders,AU,-34.5833,150.8552,64.38,71,75,3.0,broken clouds
478,Nouadhibou,MR,20.931,-17.0347,71.58,64,0,12.66,clear sky
479,Kokkola,FI,63.8385,23.1307,33.93,62,0,9.22,clear sky
480,Vieste,IT,41.8825,16.175,53.64,56,50,9.51,scattered clouds
481,Fortuna,US,40.5982,-124.1573,46.65,94,100,4.61,overcast clouds
482,Omboue,GA,-1.5746,9.2618,84.0,69,95,8.57,overcast clouds
483,Kuytun,RU,54.3419,101.5036,21.52,96,100,2.19,light snow
484,Jalu,LY,29.0331,21.5482,92.93,8,0,11.32,clear sky
485,Resplendor,BR,-19.3256,-41.2553,89.28,49,14,1.83,few clouds
486,Rundu,NA,-17.9333,19.7667,78.3,58,100,11.45,overcast clouds
487,Camacha,PT,33.0833,-16.3333,58.42,77,75,19.57,broken clouds
488,Boguchany,RU,58.3814,97.4531,14.74,97,100,2.91,overcast clouds
489,Lar,IN,26.2039,83.9717,88.16,17,0,4.99,clear sky
490,Paraiso,CR,9.8383,-83.8656,73.96,79,28,3.6,scattered clouds
491,Juneau,US,58.3019,-134.4197,40.21,87,100,33.38,overcast clouds
492,Killam,CA,52.7834,-111.8518,26.55,93,4,5.75,clear sky
493,Xuddur,SO,4.1213,43.8894,92.32,23,85,11.97,overcast clouds
494,Kloulklubed,PW,7.0419,134.2556,79.3,77,99,5.19,heavy intensity rain
495,Sisimiut,GL,66.9395,-53.6735,33.33,86,86,5.3,overcast clouds
496,Severnoye,RU,56.3491,78.3619,32.59,98,100,6.64,overcast clouds
497,Sal Rei,CV,16.1833,-22.9167,75.4,57,40,10.36,scattered clouds
498,Aleksandrov Gay,RU,50.147,48.5704,59.16,57,100,9.48,overcast clouds
499,Aksarayskiy,RU,46.7924,48.0119,66.63,42,99,7.11,overcast clouds
500,Ipixuna,BR,-1.7625,-48.8043,84.69,77,38,2.68,moderate rain
501,Poum,NC,-20.2333,164.0167,81.75,82,100,19.08,overcast clouds
502,Constitucion,CL,-35.3333,-72.4167,60.39,41,2,13.24,clear sky
503,Garowe,SO,8.4054,48.4845,89.62,22,29,17.98,scattered clouds
504,Nantucket,US,41.2835,-70.0995,46.54,79,0,5.75,clear sky
505,Grand Gaube,MU,-20.0064,57.6608,81.0,77,72,8.01,broken clouds
506,Lac Du Bonnet,CA,50.2536,-96.0612,31.46,85,67,0.54,broken clouds
507,Quelimane,MZ,-17.8786,36.8883,85.95,70,20,11.5,few clouds
508,Rudnogorsk,RU,57.2639,103.7519,9.73,97,50,2.95,scattered clouds
509,Dakar,SN,14.6937,-17.4441,76.08,64,75,19.57,broken clouds
510,Abalak,RU,58.1286,68.5944,32.79,98,100,13.38,light snow
511,Mackenzie,CA,55.2999,-123.1698,41.22,52,100,12.66,overcast clouds
512,Hirado,JP,33.3597,129.5531,53.51,59,0,17.98,clear sky
513,Nizwa,OM,22.9333,57.5333,87.53,10,2,4.74,clear sky
514,Edd,ER,13.9297,41.6925,93.79,32,92,19.42,overcast clouds
515,Angoche,MZ,-16.2325,39.9086,79.9,76,8,6.82,clear sky
516,Tacuarembo,UY,-31.7333,-55.9833,64.49,95,100,11.07,overcast clouds
517,Zhongshu,CN,24.5167,103.7667,47.46,74,1,4.32,clear sky
518,Plerin,FR,48.5425,-2.7798,47.44,57,20,12.66,few clouds
519,Lipin Bor,RU,60.2622,37.9763,28.96,76,87,8.3,overcast clouds
520,Vaxjo,SE,56.8777,14.8091,44.58,36,0,12.66,light rain
521,Kollam,IN,8.8833,76.6,81.34,78,57,2.19,moderate rain
522,Qaqortoq,GL,60.7167,-46.0333,42.76,62,99,6.08,overcast clouds
523,Bozhou,CN,33.8772,115.7703,50.7,68,36,8.1,scattered clouds
524,Aviles,ES,43.5547,-5.9248,48.38,74,40,10.36,scattered clouds
525,Orangeburg,US,33.4918,-80.8557,65.95,48,0,8.99,clear sky
526,Libreville,GA,0.3925,9.4537,84.7,66,44,10.98,scattered clouds
527,Telde,ES,27.9924,-15.4192,64.62,88,100,23.02,overcast clouds
528,Bilma,NE,18.6853,12.9164,103.14,3,100,7.63,overcast clouds
529,Sosnovka,RU,56.255,51.2842,40.37,99,100,11.3,overcast clouds
530,Palmeira Das Missoes,BR,-27.8994,-53.3136,67.77,79,94,12.21,light rain
531,Santa Lucia,ES,27.9117,-15.5407,58.32,88,100,23.02,overcast clouds
532,Kota,IN,25.1833,75.8333,91.67,8,0,6.11,clear sky
533,Makakilo City,US,21.3469,-158.0858,72.68,66,0,13.8,clear sky
534,Itaituba,BR,-4.2761,-55.9836,75.36,100,100,8.05,overcast clouds
535,Saint-Paul-Les-Dax,FR,43.7272,-1.0516,52.81,54,100,8.01,overcast clouds
536,Necochea,AR,-38.5473,-58.7368,65.12,63,66,18.75,light rain
537,Oistins,BB,13.0667,-59.5333,82.49,61,40,18.41,scattered clouds
538,Mizdah,LY,31.4451,12.9801,78.53,23,0,13.2,clear sky
539,Nara,JP,34.6851,135.8049,50.92,78,97,3.27,overcast clouds
540,Hovd,MN,48.0056,91.6419,43.81,22,15,3.4,few clouds
541,Ende,ID,-8.8432,121.6623,77.4,84,25,1.1,scattered clouds
542,Yabassi,CM,4.457,9.9682,89.17,58,100,6.42,light rain
543,Sangar,RU,63.9242,127.4739,8.83,97,100,3.49,overcast clouds
544,Rosetta,EG,31.4044,30.4164,68.02,57,64,13.62,broken clouds
545,Batagay-Alyta,RU,67.8006,130.4114,3.18,98,99,3.2,overcast clouds
546,Praia,CV,14.9215,-23.5087,79.34,53,20,20.71,few clouds
547,Vilhena,BR,-12.7406,-60.1458,79.02,78,40,3.44,scattered clouds
548,Nakusp,CA,50.2499,-117.8023,35.47,93,100,1.14,overcast clouds
549,Melchor De Mencos,GT,17.0686,-89.1522,78.8,78,0,0.0,clear sky
550,Mayo,US,38.8876,-76.5119,59.67,63,39,8.01,scattered clouds
551,Lalibela,ET,12.0333,39.0333,75.83,28,64,7.09,broken clouds
552,Vani,GE,42.0832,42.5216,73.09,43,0,17.27,clear sky
553,Estelle,US,29.8458,-90.1067,70.0,67,0,8.05,clear sky
554,Portland,US,45.5234,-122.6762,45.1,87,100,5.99,overcast clouds
555,Tucurui,BR,-3.7661,-49.6725,83.73,76,94,3.0,overcast clouds
556,Olenegorsk,RU,68.15,33.3,25.65,85,100,3.38,overcast clouds
557,Vytegra,RU,61.0064,36.4481,26.11,82,5,1.86,clear sky
558,Laguna,US,38.421,-121.4238,59.94,73,0,3.44,clear sky
559,Newport,GB,51.5877,-2.9984,53.11,58,100,10.22,overcast clouds
560,Deputatskiy,RU,69.3,139.9,-18.38,99,33,2.66,scattered clouds
561,Amapa,BR,1.0,-52.0,79.27,89,100,3.36,overcast clouds
562,Darhan,MN,49.4867,105.9228,34.97,59,57,6.06,broken clouds
563,Willowmore,ZA,-33.2926,23.4895,71.4,37,74,3.74,broken clouds
564,Goure,NE,13.9835,10.2704,106.02,3,58,1.68,broken clouds
565,Nanchang,CN,28.6833,115.8833,58.1,61,60,4.74,broken clouds
566,Nuuk,GL,64.1835,-51.7216,34.41,93,20,11.5,few clouds
567,Yerbogachen,RU,61.2767,108.0108,9.88,97,99,5.73,overcast clouds
568,Sao Felix Do Xingu,BR,-6.6447,-51.995,82.62,86,35,3.56,scattered clouds
569,Lasa,IT,46.6166,10.7002,43.7,80,99,1.86,overcast clouds
570,Bagdarin,RU,54.4333,113.6,5.7,80,0,4.88,clear sky
571,Fiumicino,IT,41.7675,12.2291,59.49,47,20,10.36,few clouds
572,Pasighat,IN,28.0667,95.3333,69.35,95,100,1.54,overcast clouds
573,Kapit,MY,2.0167,112.9333,73.53,99,81,0.89,broken clouds
574,Bar Harbor,US,44.3876,-68.2039,43.38,44,0,4.0,clear sky
575,Bambanglipuro,ID,-7.95,110.2833,78.06,83,100,6.22,light rain
576,Ballina,AU,-28.8667,153.5667,66.16,91,75,9.22,broken clouds
577,Takoradi,GH,4.8845,-1.7554,88.92,63,92,14.85,overcast clouds
578,Ormara,PK,25.2088,64.6357,78.24,71,9,8.93,clear sky
579,Yelovo,RU,57.0538,54.9207,39.4,100,100,15.12,overcast clouds
580,Yuzhou,CN,34.1628,113.4639,51.3,69,67,5.37,broken clouds
581,Banda Aceh,ID,5.5577,95.3222,78.06,84,100,10.42,overcast clouds
582,Labytnangi,RU,66.6572,66.4183,4.44,98,70,4.47,broken clouds
583,Port Moresby,PG,-9.4431,147.1797,76.42,94,75,3.44,broken clouds
584,Bireun,ID,5.203,96.7009,78.98,79,100,4.32,overcast clouds
585,Susanville,US,40.4163,-120.653,44.22,36,2,0.65,clear sky
586,Selenginsk,RU,52.0064,106.8647,30.61,97,100,2.06,light snow
587,Mimongo,GA,-1.6195,11.6068,80.22,79,75,4.65,light rain
588,Purranque,CL,-40.9167,-73.1667,51.28,70,55,0.56,broken clouds
589,Bilsanda,IN,28.25,79.95,84.6,6,4,7.05,clear sky
590,Red Wing,US,44.5625,-92.5338,39.78,66,0,3.0,clear sky
591,Nisia Floresta,BR,-6.0911,-35.2086,84.58,72,98,12.17,overcast clouds
592,Adrar,MR,20.5022,-10.0711,96.51,7,0,22.26,clear sky
593,Klichka,RU,50.4457,117.996,34.5,40,22,17.2,few clouds
594,Dukat,RU,62.55,155.55,-5.89,100,94,2.28,overcast clouds
595,Mount Isa,AU,-20.7333,139.5,74.97,29,0,4.61,light rain
596,Leh,IN,34.1667,77.5833,27.48,57,47,5.41,scattered clouds
597,Shingu,JP,33.7333,135.9833,52.74,88,100,8.03,overcast clouds
598,Poronaysk,RU,49.2167,143.1167,37.31,77,53,10.18,broken clouds
599,Tala,EG,30.6803,30.9429,83.17,13,36,17.05,scattered clouds
600,Ureki,GE,41.9956,41.7786,55.36,71,100,7.76,overcast clouds
601,Atasu,KZ,48.6814,71.6433,38.64,73,100,7.9,overcast clouds
602,Douentza,ML,14.9951,-2.9517,106.03,6,15,6.55,few clouds
603,Sao Joao Da Barra,BR,-21.6403,-41.0511,86.09,71,10,7.2,clear sky
604,Asyut,EG,27.181,31.1837,98.78,5,100,11.34,overcast clouds
605,Cortes,ES,41.9395,-1.4396,53.65,28,5,23.24,clear sky
606,Manali,IN,13.1667,80.2667,86.09,85,0,12.15,clear sky
607,Russell,US,32.3502,-85.1999,65.05,53,0,7.14,clear sky
608,Chernyshevskiy,RU,63.0128,112.4714,8.78,97,97,4.7,overcast clouds
609,Lucea,JM,18.451,-78.1736,80.85,68,5,2.82,clear sky
610,Piacabucu,BR,-10.4056,-36.4344,84.33,62,69,10.71,broken clouds
611,Salalah,OM,17.0151,54.0924,87.89,51,0,10.36,clear sky
612,Bezhanitsy,RU,56.9767,29.8907,34.23,66,30,5.06,scattered clouds
613,Malanje,AO,-9.5402,16.341,66.58,89,100,4.79,overcast clouds
614,Sungaipenuh,ID,-2.0833,101.3833,63.48,90,56,1.19,broken clouds
615,Sabha,LY,27.0377,14.4283,98.85,4,0,15.68,clear sky
616,La Romana,DO,18.4273,-68.9728,79.16,78,40,11.5,scattered clouds
617,Siteki,SZ,-26.45,31.95,79.72,80,64,6.26,light rain
618,Bontang,ID,0.1333,117.5,77.5,84,100,2.15,overcast clouds
619,Borogontsy,RU,62.6683,131.1683,16.3,98,100,3.51,overcast clouds
620,Rio Verde De Mato Grosso,BR,-18.9181,-54.8442,84.52,63,20,8.57,few clouds
621,Kumano,JP,34.3442,132.5894,47.93,79,0,7.36,clear sky
622,Broome,US,42.2506,-75.833,38.62,88,100,1.01,mist
623,Maningrida,AU,-12.0667,134.2667,80.31,73,74,4.7,broken clouds
624,Yining,CN,29.0361,114.5636,55.11,79,95,1.97,overcast clouds
625,Marzuq,YE,14.4,46.4667,78.69,24,0,9.71,clear sky
626,San Jose,US,37.3394,-121.895,56.43,78,40,3.44,scattered clouds
627,Rebrikha,RU,53.0733,82.3408,35.37,96,100,6.33,overcast clouds
628,Verkhnevilyuysk,RU,63.4453,120.3167,-2.42,100,45,3.56,scattered clouds
629,Devonport,AU,-41.1667,146.35,57.09,76,87,6.85,overcast clouds
630,Mian Channun,PK,30.44,72.3543,83.12,8,30,8.95,scattered clouds
631,Kailua,US,21.4022,-157.7394,74.14,76,97,5.99,overcast clouds
632,Avera,US,33.194,-82.5271,64.54,42,0,13.27,clear sky
633,Shigony,RU,53.3875,48.6777,51.19,78,45,18.16,scattered clouds
634,Perevolotskiy,RU,51.8763,54.1938,55.56,72,100,8.99,overcast clouds
635,Palu,ID,-0.8917,119.8707,76.32,96,100,1.05,light rain
636,Aginskoye,RU,51.1,114.53,29.82,43,12,15.57,few clouds
637,Barghat,IN,22.0333,79.7167,89.11,12,0,1.28,clear sky
638,Otacilio Costa,BR,-27.4831,-50.1219,59.29,99,100,2.68,overcast clouds
639,Tabou,CI,4.423,-7.3528,86.11,67,92,13.73,overcast clouds
640,Half Moon Bay,US,37.4636,-122.4286,55.87,83,20,5.75,few clouds
641,Pleshanovo,RU,52.8333,53.4833,54.97,73,100,11.5,overcast clouds
642,Sechura,PE,-5.5569,-80.8222,75.34,67,86,9.71,overcast clouds
643,Port Keats,AU,-14.25,129.55,80.2,75,94,5.48,overcast clouds
644,Gannan,CN,47.9147,123.5031,50.49,29,5,7.7,clear sky
645,Sorland,NO,67.667,12.6934,37.26,56,75,13.8,broken clouds
646,Jiwani,PK,25.05,61.7417,80.13,62,21,9.06,few clouds
647,Lamtah,TN,35.6667,10.8833,60.57,48,20,11.5,few clouds
648,Hirara,JP,24.8,125.2833,68.52,73,100,27.0,overcast clouds
649,Campbell River,CA,50.0163,-125.2446,45.45,93,100,16.11,overcast clouds
650,Yaan,NG,7.3833,8.5667,103.51,21,98,2.04,overcast clouds
651,Gillette,US,44.2911,-105.5022,37.11,49,0,21.85,clear sky
652,Corner Brook,CA,48.9667,-57.9484,35.76,98,100,14.03,overcast clouds
653,Bonthe,SL,7.5264,-12.505,85.78,64,73,11.95,broken clouds
654,Kinloss,GB,57.6349,-3.5701,45.88,83,75,17.27,moderate rain
655,Tura,IN,25.5198,90.2201,72.0,88,3,5.12,clear sky
656,Tual,ID,-5.6667,132.75,82.42,66,26,5.99,scattered clouds
657,Ogre,LV,56.8162,24.614,42.48,46,83,6.17,broken clouds
658,Nekhayevskiy,RU,50.4106,41.7561,52.63,72,94,7.45,light rain
659,Kungurtug,RU,50.5994,97.5228,31.57,83,98,3.6,overcast clouds
660,Ostersund,SE,63.1792,14.6357,34.61,100,20,10.36,few clouds
661,Zabkowice Slaskie,PL,50.5897,16.8124,37.15,56,71,5.55,broken clouds
662,Blackwater,AU,-23.5833,148.8833,70.88,82,19,10.07,few clouds
663,Cao Bang,VN,22.6667,106.25,57.87,65,0,1.25,clear sky
664,Sherlovaya Gora,RU,50.5667,116.25,30.74,37,54,20.22,broken clouds
665,Verkhoyansk,RU,67.5447,133.385,-3.59,100,96,2.01,overcast clouds
666,Saurikh,IN,27.029,79.4896,88.97,5,4,5.55,clear sky
667,Luanda,AO,-8.8368,13.2343,79.65,75,100,3.15,overcast clouds
668,Scarborough,GB,54.2797,-0.4044,51.93,55,98,1.99,overcast clouds
669,Simbahan,PH,6.3032,120.5836,80.42,79,58,4.63,broken clouds
670,Ilebo,CD,-4.3167,20.5833,88.32,52,98,2.37,overcast clouds
671,Pevek,RU,69.7008,170.3133,-19.46,95,19,3.15,few clouds
672,Okato,NZ,-39.2,173.8833,56.68,90,14,1.5,few clouds
673,Kangaatsiaq,GL,68.3065,-53.4641,29.88,89,96,9.4,overcast clouds
674,Stykkisholmur,IS,65.0757,-22.7297,37.76,95,100,9.01,overcast clouds
675,Nenton,GT,15.8,-91.75,82.42,40,18,5.06,few clouds
676,Port Macquarie,AU,-31.4333,152.9167,63.9,72,99,11.63,overcast clouds
677,Cerro Blanco,HN,14.6667,-87.7833,77.99,49,4,3.27,clear sky
678,Zyryanka,RU,65.75,150.85,-18.31,100,35,1.19,scattered clouds
679,Guajara,BR,-2.9667,-57.6667,76.14,96,100,0.92,very heavy rain
680,Rettikhovka,RU,44.1683,132.7669,40.64,50,2,5.86,clear sky
681,San Quintin,MX,30.4833,-115.95,59.07,69,100,5.1,overcast clouds
682,Khargupur,IN,27.3833,81.9833,85.96,7,0,5.19,clear sky
683,Richland,US,40.7834,-82.5499,36.81,85,100,13.8,overcast clouds
684,Poshekhonye,RU,58.4993,39.1353,30.63,75,98,10.0,overcast clouds
685,Bafq,IR,31.6128,55.4107,81.88,8,12,4.9,few clouds
686,Along,IN,28.1667,94.7667,66.76,98,100,0.31,overcast clouds
687,Gat,IL,31.61,34.7642,79.39,42,53,11.23,broken clouds
688,Almaznyy,RU,48.0448,40.045,54.91,64,99,20.15,overcast clouds
689,Parauna,BR,-16.9478,-50.4486,81.39,56,1,6.35,clear sky
690,Lubuk Pakam,ID,3.5604,98.8767,78.94,93,100,4.92,overcast clouds
691,La Palma,US,33.8464,-118.0467,60.49,85,100,6.91,overcast clouds
692,Glace Bay,CA,46.1969,-59.957,41.99,69,40,14.97,scattered clouds
693,Egvekinot,RU,66.3167,-179.1667,-11.85,88,13,19.17,few clouds
694,Palmerston,AU,-12.486,130.9833,80.58,89,10,4.61,clear sky
695,Ribas Do Rio Pardo,BR,-20.4431,-53.7592,84.43,59,19,9.89,few clouds
696,Bismarck,US,46.8083,-100.7837,31.86,92,100,8.05,light snow
697,Sibu,MY,2.3,111.8167,75.51,94,40,2.3,heavy intensity rain
698,Taman,RU,45.2117,36.7161,48.43,88,84,23.13,broken clouds
699,Palmer,US,42.1584,-72.3287,48.85,40,100,4.61,overcast clouds
700,Chifeng,CN,42.2683,118.9636,53.49,22,28,19.69,scattered clouds
701,Batemans Bay,AU,-35.7167,150.1833,64.09,51,23,10.69,few clouds
702,Kaseda,JP,31.4167,130.3167,52.86,57,2,5.32,clear sky
703,Banepa,NP,27.6298,85.5214,70.12,60,75,6.91,light rain
704,Kitoy,RU,52.6,103.9,31.08,96,100,2.24,light snow
705,Podgorica,ME,42.4411,19.2636,49.5,93,75,6.91,broken clouds
706,Grindavik,IS,63.8424,-22.4338,43.27,100,100,19.57,light intensity drizzle
707,General Roca,AR,-39.0333,-67.5833,57.61,23,0,26.15,clear sky
708,Saint-Pierre,RE,-21.3393,55.4781,74.88,94,75,3.44,light rain
709,Henties Bay,NA,-22.116,14.2845,63.25,78,9,10.74,clear sky
